{"63": 515.9916260018945, "46": 515.4918706538156, "44": 515.4326070901006, "83": 516.5794738912955, "40": 515.3138377610594, "78": 516.4327161954716, "98": 517.0248052254319, "26": 514.9000745313242, "15": 514.5773704638705, "39": 515.2838298762217, "51": 515.639102851972, "19": 514.6950139831752, "76": 516.3731804294512, "97": 516.9946308387443, "94": 516.9051846880466, "99": 517.0552268140018, "20": 514.7243589619175, "50": 515.6095578707755, "56": 515.7854340439662, "32": 515.0764747075737, "5": 514.2823917632923, "82": 516.5495620071888, "4": 514.2536556897685, "52": 515.6679426264018, "87": 516.6985291233286, "95": 516.9348553707823, "31": 515.0468904264271, "66": 516.0789298331365, "22": 514.7836166247725, "6": 514.3114723386243, "23": 514.8127318006009, "49": 515.5799147896469, "57": 515.8162260372192, "21": 514.7540630437434, "3": 514.2249135170132, "34": 515.1349885631353, "93": 516.8757554078475, "55": 515.7560252640396, "80": 516.4912545522675, "38": 515.2538194917142, "13": 514.5189701095223, "65": 516.0499559575692, "33": 515.1056577851996, "67": 516.1081005102023, "16": 514.6068262439221, "85": 516.6386398542672, "11": 514.459887447767, "2": 514.1959860417992, "60": 515.9039860693738, "30": 515.0169387431815, "64": 516.0207180790603, "14": 514.5482811871916, "69": 516.167106570676, "84": 516.6086778696626, "35": 515.16445994284, "68": 516.1375820906833, "24": 514.8417034763843, "43": 515.403210811317, "77": 516.4028411116451, "36": 515.1937223207206, "71": 516.2259715311229, "45": 515.462060470134, "25": 514.8709761546925, "9": 514.4005490848795, "37": 515.2244219128042, "53": 515.6971606044099, "54": 515.7266789842397, "88": 516.7284752083942, "86": 516.6685408381745, "61": 515.9333992488682, "72": 516.2557018129155, "58": 515.845418414101, "91": 516.8175977561623, "27": 514.9292711094022, "29": 514.9873661622405, "79": 516.4619734734297, "7": 514.3410201184452, "59": 515.8748822938651, "74": 516.3143646698445, "0": 514.1400375114754, "70": 516.1960925469175, "8": 514.3708721026778, "17": 514.6362453233451, "10": 514.4300567647442, "12": 514.4897057320923, "92": 516.8465702310205, "42": 515.3734839279205, "90": 516.7878503734246, "1": 514.1678678747267, "96": 516.9643538510427, "41": 515.3438237458467, "73": 516.2852202933282, "89": 516.7580904904753, "47": 515.5211218316108, "62": 515.962562225759, "48": 515.5501707075164, "75": 516.3436558488756, "81": 516.5207352330908, "28": 514.9580892836675, "18": 514.6654779016972}