{"18": 7.049041437916458, "33": 6.881236256100237, "59": 6.954147188924253, "72": 6.987748901359737, "62": 6.929888008162379, "60": 6.927542731165886, "43": 6.875498853623867, "69": 7.032888227142394, "27": 6.860872615128756, "70": 6.959631325677037, "31": 6.935817879624665, "7": 7.014672704972327, "61": 6.975401538424194, "15": 6.995023423805833, "98": 7.013056927360594, "10": 6.987442348152399, "32": 6.935533350333571, "5": 5.830411243252456, "26": 6.915243058465421, "99": 7.037746783345938, "38": 6.955896272324026, "25": 6.984775830060244, "57": 6.990591544657946, "39": 6.950532168149948, "88": 7.025008502416313, "22": 6.997183946892619, "74": 6.956370330415666, "19": 7.039337947033346, "35": 7.025803512893617, "89": 7.091157249175012, "13": 6.9774423548951745, "97": 7.041251257993281, "29": 6.8693806594237685, "75": 6.985499948263168, "87": 7.106317210942507, "4": 6.066688888706267, "34": 6.949564101174474, "2": 5.939340176992118, "28": 6.851847629994154, "20": 7.018408748321235, "30": 6.942359656095505, "65": 6.976676450110972, "77": 7.045341498218477, "55": 6.945063059218228, "3": 5.909786896780133, "41": 6.984291839413345, "40": 6.986984425224364, "45": 6.936374427750707, "83": 7.026099609211087, "52": 6.980342583730817, "93": 6.99474040325731, "78": 7.068499361164868, "24": 7.00278580095619, "92": 7.131682129576802, "49": 6.947015176527202, "94": 7.041857870295644, "53": 6.970337093807757, "48": 6.904380591586232, "80": 7.148583791218698, "63": 6.997502390295267, "1": 5.8873671824112535, "73": 7.036181499250233, "12": 6.981846395879984, "44": 6.909560672938824, "47": 6.882925093173981, "79": 7.018528753891587, "11": 6.9315404165536165, "0": 5.846993997693062, "82": 7.020624915137887, "95": 7.131716429255903, "37": 6.845648477785289, "54": 6.992446985095739, "8": 7.059596634469926, "71": 6.994657304137945, "21": 7.054050186648965, "36": 6.954315058887005, "51": 6.93218735512346, "81": 7.0891580963507295, "58": 6.996505483053625, "91": 7.128740167245269, "96": 7.068748180754483, "9": 6.963359717279673, "23": 7.015252519398928, "50": 6.893552712164819, "17": 7.008799355477095, "68": 7.014670796692371, "86": 7.062425068579614, "84": 7.08249456807971, "64": 7.033788692206144, "90": 6.988533642143011, "85": 6.977316847071052, "46": 6.90240424964577, "67": 6.950295348651707, "14": 7.016962432302535, "42": 6.895494501106441, "56": 7.006558697670698, "16": 7.011874783784151, "66": 7.015747472643852, "6": 6.868156812153757, "76": 6.93333372566849}