{"x1": 10.041908852587316, "x3": 0.9706314280325845, "x2": 11.52832173876476}