{"0": [4.9957665040989605, 100.61128650606838], "1": [-0.2634370031006412, 99.50672818294869], "2": [9.324067685519312, 18.669603804563433]}