{"0": ["{\"x1\":{\"0\":55.6198616028},\"x2\":{\"0\":61.9959068298},\"x3\":{\"0\":13.9109249115}}", [[0.5202204223366952, 0.5365393297032718, 0.556440099392621]], 0], "1": ["{\"x1\":{\"0\":38.7204627991},\"x2\":{\"0\":26.6985530853},\"x3\":{\"0\":10.4359436035}}", [[0.34819776721813533, 0.14154074362789543, 0.11473600006148127]], 1], "2": ["{\"x1\":{\"0\":38.3981704712},\"x2\":{\"0\":38.8193473816},\"x3\":{\"0\":11.2725133896}}", [[0.2667693908210069, 0.36956838536444925, 0.23609632866252026]], 0], "3": ["{\"x1\":{\"0\":45.7451515198},\"x2\":{\"0\":46.3058395386},\"x3\":{\"0\":13.0673561096}}", [[0.38862654327157825, 0.39455925806123066, 0.22272367150235384]], 1], "4": ["{\"x1\":{\"0\":44.4386177063},\"x2\":{\"0\":49.0578460693},\"x3\":{\"0\":13.1547222137}}", [[0.242096795136301, 0.36783414986524976, 0.12403902757256852]], 1], "5": ["{\"x1\":{\"0\":48.9107551575},\"x2\":{\"0\":61.9466094971},\"x3\":{\"0\":14.3372631073}}", [[0.5142868828716511, 0.6522398744321989, 0.5179474906354332]], 0], "6": ["{\"x1\":{\"0\":48.0956115723},\"x2\":{\"0\":60.7566680908},\"x3\":{\"0\":14.2017402649}}", [[0.3294707492718098, 0.5888098462192581, 0.31552916531688546]], 1], "7": ["{\"x1\":{\"0\":64.7975845337},\"x2\":{\"0\":71.2427368164},\"x3\":{\"0\":15.0143356323}}", [[0.6209970934825431, 0.547353685322488, 0.625603987892894]], 0], "8": ["{\"x1\":{\"0\":48.2948303223},\"x2\":{\"0\":44.0010986328},\"x3\":{\"0\":13.0686235428}}", [[0.5579505154592445, 0.4646162974282626, 0.364796691087556]], 0], "9": ["{\"x1\":{\"0\":45.2047767639},\"x2\":{\"0\":47.6657485962},\"x3\":{\"0\":13.1117572784}}", [[0.34137329849227654, 0.3698656638649806, 0.2076806810957006]], 1], "10": ["{\"x1\":{\"0\":44.2653198242},\"x2\":{\"0\":53.6724281311},\"x3\":{\"0\":13.4749355316}}", [[0.40028202243896716, 0.4905626782953441, 0.3680848526121673]], 1], "11": ["{\"x1\":{\"0\":38.0581207275},\"x2\":{\"0\":37.1700019836},\"x3\":{\"0\":11.1309919357}}", [[0.2895322205724672, 0.3268657127603748, 0.22026034846252251]], 0], "12": ["{\"x1\":{\"0\":43.9075889587},\"x2\":{\"0\":52.7451667786},\"x3\":{\"0\":13.3860397339}}", [[0.4742473560261106, 0.5751527390282601, 0.4342788429661594]], 0], "13": ["{\"x1\":{\"0\":49.660320282},\"x2\":{\"0\":62.9604072571},\"x3\":{\"0\":14.459774971}}", [[0.37357111950751837, 0.6203289200140422, 0.42609056588594874]], 1], "14": ["{\"x1\":{\"0\":40.4411773682},\"x2\":{\"0\":42.865436554},\"x3\":{\"0\":11.708483696}}", [[0.3543688289867239, 0.3264899804814095, 0.30388244478378074]], 0], "15": ["{\"x1\":{\"0\":53.749256134},\"x2\":{\"0\":39.0588912964},\"x3\":{\"0\":13.0797624588}}", [[0.4807677020481475, 0.24201712802999326, 0.17719542636604327]], 1], "16": ["{\"x1\":{\"0\":62.3375358582},\"x2\":{\"0\":68.8735580444},\"x3\":{\"0\":14.7319393158}}", [[0.5576955996802665, 0.5777431290572094, 0.5639285181546962]], 1], "17": ["{\"x1\":{\"0\":52.9108390808},\"x2\":{\"0\":69.0261688232},\"x3\":{\"0\":15.1510334015}}", [[0.5263336445761142, 0.7774829288588565, 0.6616083143942899]], 1], "18": ["{\"x1\":{\"0\":49.6736679077},\"x2\":{\"0\":62.9781112671},\"x3\":{\"0\":14.4619445801}}", [[0.5284238339988899, 0.6506763460141349, 0.465635550854726]], 0], "19": ["{\"x1\":{\"0\":48.3006210327},\"x2\":{\"0\":43.4867095947},\"x3\":{\"0\":13.0424461365}}", [[0.39403296300320767, 0.39091469813984797, 0.27578164414887363]], 1], "20": ["{\"x1\":{\"0\":50.6517410278},\"x2\":{\"0\":41.1762275696},\"x3\":{\"0\":13.0382804871}}", [[0.46436431202870454, 0.39197773242075507, 0.34501274989655434]], 1], "21": ["{\"x1\":{\"0\":50.4118461609},\"x2\":{\"0\":41.750743866},\"x3\":{\"0\":13.0546321869}}", [[0.45782248372614887, 0.3644727144126288, 0.2905769772846567]], 1], "22": ["{\"x1\":{\"0\":47.3971633911},\"x2\":{\"0\":59.7296257019},\"x3\":{\"0\":14.0850963593}}", [[0.34809021948761754, 0.5097211451676336, 0.35239438701008513]], 1], "23": ["{\"x1\":{\"0\":44.1511192322},\"x2\":{\"0\":53.3415679932},\"x3\":{\"0\":13.4439163208}}", [[0.1823312570585418, 0.5147598817770753, 0.19126030486455062]], 1], "24": ["{\"x1\":{\"0\":42.0932121277},\"x2\":{\"0\":45.7653045654},\"x3\":{\"0\":12.0353527069}}", [[0.22591350687594441, 0.44120707049978886, 0.24458841339988213]], 1], "25": ["{\"x1\":{\"0\":49.7197380066},\"x2\":{\"0\":63.0391960144},\"x3\":{\"0\":14.4694309235}}", [[0.4531684598026105, 0.6145093959361743, 0.39202498973788524]], 1], "26": ["{\"x1\":{\"0\":44.931804657},\"x2\":{\"0\":49.3320236206},\"x3\":{\"0\":12.4307174683}}", [[0.18352692869262788, 0.4416386224656654, 0.2480239606936185]], 1], "27": ["{\"x1\":{\"0\":50.7438392639},\"x2\":{\"0\":41.3105125427},\"x3\":{\"0\":13.0472221375}}", [[0.8051573994968214, 0.45850358325797713, 0.6252370741032615]], 1], "28": ["{\"x1\":{\"0\":41.3672599792},\"x2\":{\"0\":44.3272132874},\"x3\":{\"0\":11.8941688538}}", [[0.26871976118505814, 0.43170098147921304, 0.30443635872659935]], 0], "29": ["{\"x1\":{\"0\":57.2675209045},\"x2\":{\"0\":63.7595214844},\"x3\":{\"0\":14.1150941849}}", [[0.513800079559049, 0.5214486194521073, 0.4828594612475909]], 1], "30": ["{\"x1\":{\"0\":49.0067176819},\"x2\":{\"0\":62.0765037537},\"x3\":{\"0\":14.3529806137}}", [[0.45406164883809574, 0.6241875610735108, 0.42126476918483313]], 1], "31": ["{\"x1\":{\"0\":53.416179657},\"x2\":{\"0\":70.1920700073},\"x3\":{\"0\":15.2732181549}}", [[0.6061955521570775, 0.8718289810729529, 0.726336677188104]], 1], "32": ["{\"x1\":{\"0\":53.3168144226},\"x2\":{\"0\":69.9648666382},\"x3\":{\"0\":15.2493333817}}", [[0.5946679537059375, 0.7299481592368849, 0.6289518179201288]], 0], "33": ["{\"x1\":{\"0\":53.6920623779},\"x2\":{\"0\":70.8175811768},\"x3\":{\"0\":15.3391599655}}", [[0.7478828006209969, 0.7737282729362223, 0.8086016394293946]], 1], "34": ["{\"x1\":{\"0\":48.5002784729},\"x2\":{\"0\":43.4595794678},\"x3\":{\"0\":13.0504541397}}", [[0.7292530976820436, 0.4757055028354789, 0.5611157655024761]], 1], "35": ["{\"x1\":{\"0\":47.7037773132},\"x2\":{\"0\":44.5400390625},\"x3\":{\"0\":13.0691623688}}", [[0.4415641671275569, 0.4242841144531583, 0.3527107824921493]], 1], "36": ["{\"x1\":{\"0\":44.1618690491},\"x2\":{\"0\":48.5088195801},\"x3\":{\"0\":13.1057100296}}", [[0.26737314880325663, 0.46005194356647383, 0.23653855772912596]], 1], "37": ["{\"x1\":{\"0\":43.5654678345},\"x2\":{\"0\":50.5097503662},\"x3\":{\"0\":13.2043485641}}", [[0.37664764317967026, 0.4168180454695831, 0.25897585775251714]], 1], "38": ["{\"x1\":{\"0\":61.8222770691},\"x2\":{\"0\":68.3544769287},\"x3\":{\"0\":14.66801548}}", [[0.5444624729908495, 0.5378254381661366, 0.5540501730003133]], 1], "39": ["{\"x1\":{\"0\":43.594078064},\"x2\":{\"0\":51.0913772583},\"x3\":{\"0\":13.2477731705}}", [[0.3235815888943622, 0.4883268882341968, 0.26321931940204235]], 1], "40": ["{\"x1\":{\"0\":55.7069778442},\"x2\":{\"0\":37.6598777771},\"x3\":{\"0\":13.122592926}}", [[0.6186519676789222, 0.3807352213144938, 0.38694152670170384]], 0], "41": ["{\"x1\":{\"0\":44.5079307556},\"x2\":{\"0\":48.3997955322},\"x3\":{\"0\":13.1167726517}}", [[0.3376121375207797, 0.42824717079488733, 0.23820282114271382]], 1], "42": ["{\"x1\":{\"0\":52.4112052917},\"x2\":{\"0\":67.8483657837},\"x3\":{\"0\":15.0285577774}}", [[0.5783069604815297, 0.7519140230103769, 0.6489806393047314]], 1], "43": ["{\"x1\":{\"0\":40.3210716248},\"x2\":{\"0\":36.3796653748},\"x3\":{\"0\":11.2584247589}}", [[0.3642875378400756, 0.24905804175449434, 0.3275388688477478]], 0], "44": ["{\"x1\":{\"0\":43.455532074},\"x2\":{\"0\":47.3730583191},\"x3\":{\"0\":12.2189445496}}", [[0.22741957802217766, 0.47099569963754495, 0.2972147266337608]], 1], "45": ["{\"x1\":{\"0\":64.7975845337},\"x2\":{\"0\":71.2427368164},\"x3\":{\"0\":15.0143356323}}", [[0.6084643406327531, 0.5206493246441636, 0.5625808625433415]], 1], "46": ["{\"x1\":{\"0\":57.6541023254},\"x2\":{\"0\":64.162399292},\"x3\":{\"0\":14.1624145508}}", [[0.5265616946770919, 0.5871144979735131, 0.5921095044948073]], 0],