{"Brix": 0.04494061877508541, "SproutN": 0.09129621951655359, "SPAD06": 0.07819419062338068, "BunchN": 0.24587956432269845, "SPAD08": 0.09078983370036323, "NDVI06": 0.07068624456676342, "WoodW": 0.31213862802971803, "Anthoc": 0.2577803907100615, "pH": 0.026157922543159, "Potass": 0.10293079482730451, "NDVI08": 0.091625518349871, "Polyph": 0.18349401443569352, "Acid": 0.10159852226641891}