{"0": [-0.665730813456421, 0.357383819759137], "1": [-1.62136158582892, 1.02920533493557], "2": [-1.77216603097691, 1.6868569165516298], "3": [-0.4369816142042341, 0.451124235080533], "4": [-0.3767566766861439, 0.38038820239795], "5": [-0.497131500966976, 0.499425822201392], "6": [-0.5655742600921271, 0.453076831375679], "7": [-0.542797167811261, 0.5571943104102629], "8": [-0.5755978794919521, 0.583322684515591], "9": [-0.270940923826591, 0.22881615245495], "10": [-0.160716637014055, 0.132356928890122], "11": [-1.46711471955444, 1.46510300370524], "12": [-0.9766356319926752, 0.947979681493986]}