{
   "WoodW": {
      "weight": [
         -0.01059014,
         0.20866888,
         0.10551576,
         1.32071982,
         1.17073084,
         0.69730125
      ],
      "parent": [
         "SproutN",
         "BunchN",
         "SPAD06",
         "SPAD08",
         "NDVI08"
      ],
      "sd": [
         0.2683441
      ]
   },
   "BunchN": {
      "weight": [
         [
            0.1266593,
            0.8627521
         ],
         [
            0.1244173,
            0.5831144
         ],
         [
            -0.04485152,
            1.21770061
         ],
         [
            -0.1576167,
            1.0166775
         ],
         [
            0.1294969,
            1.0278515
         ],
         [
            0.1626484,
            0.8057956
         ],
         [
            -0.2482123,
            0.7364866
         ],
         [
            -0.1678143,
            1.2097184
         ],
         [
            0.2268357,
            1.1077525
         ],
         [
            0.2041911,
            0.9564685
         ],
         [
            -0.1272653,
            0.6333599
         ],
         [
            -0.1925491,
            1.0480716
         ],
         [
            0.149728,
            0.7933613
         ],
         [
            0.1778379,
            0.8422051
         ],
         [
            -0.2316236,
            1.2592489
         ],
         [
            -0.2524325,
            0.9309396
         ]
      ],
      "parent": [
         "Treatment",
         "SproutN"
      ],
      "sd": [
         [
            0.2816936
         ],
         [
            0.3207793
         ],
         [
            0.3242622
         ],
         [
            0.3856273
         ],
         [
            0.3407582
         ],
         [
            0.2826436
         ],
         [
            0.3512262
         ],
         [
            0.3390433
         ],
         [
            0.3075564
         ],
         [
            0.4226637
         ],
         [
            0.3602954
         ],
         [
            0.3448298
         ],
         [
            0.2961201
         ],
         [
            0.3668736
         ],
         [
            0.2434776
         ],
         [
            0.3222201
         ]
      ]
   },
   "pH": {
      "weight": [
         -0.0004402041,
         0.0115191464,
         0.0061100089,
         0.0407614454,
         -0.1814311205,
         0.0569802619,
         0.1606425478,
         -0.0239600155,
         0.0210687973
      ],
      "parent": [
         "SproutN",
         "WoodW",
         "SPAD06",
         "Acid",
         "Potass",
         "Brix",
         "Anthoc",
         "Polyph"
      ],
      "sd": [
         0.01680764
      ]
   },
   "Acid": {
      "weight": [
         0.0009448236,
         -0.0859213515,
         0.0745025088,
         -0.3684175757,
         -0.1935515016,
         -0.2441153549,
         -0.6116201324,
         -0.0684739505,
         0.1803238117
      ],
      "parent": [
         "SproutN",
         "BunchN",
         "SPAD06",
         "NDVI06",
         "NDVI08",
         "Brix",
         "Anthoc",
         "Polyph"
      ],
      "sd": [
         0.1208581
      ]
   },
   "SPAD08": {
      "weight": [
         0.003413511,
         0.657232651,
         0.347169697
      ],
      "parent": [
         "SPAD06",
         "NDVI06"
      ],
      "sd": [
         0.08702186
      ]
   },
   "Brix": {
      "weight": [
         [
            -0.06320636,
            0.09160944
         ],
         [
            0.02023824,
            0.08112153
         ],
         [
            -0.0387757,
            0.0993189
         ],
         [
            0.02577797,
            0.04236276
         ],
         [
            -0.02074721,
            0.15561326
         ],
         [
            0.05965761,
            0.09386677
         ],
         [
            -0.01998157,
            0.10363352
         ],
         [
            0.06011691,
            0.07270734
         ],
         [
            -0.06941357,
            0.17019393
         ],
         [
            -0.005081312,
            0.072700032
         ],
         [
            -0.04254542,
            0.1101793
         ],
         [
            0.01610723,
            0.04686516
         ],
         [
            -0.03206237,
            0.11917099
         ],
         [
            0.03408757,
            0.08775737
         ],
         [
            -0.0003748422,
            0.0856687195
         ],
         [
            0.05848122,
            0.08460714
         ]
      ],
      "parent": [
         "Treatment",
         "Anthoc"
      ],
      "sd": [
         [
            0.0543295
         ],
         [
            0.05484686
         ],
         [
            0.05455801
         ],
         [
            0.05553743
         ],
         [
            0.04620199
         ],
         [
            0.08851334
         ],
         [
            0.06305221
         ],
         [
            0.06535033
         ],
         [
            0.06581614
         ],
         [
            0.07299074
         ],
         [
            0.04414165
         ],
         [
            0.06196015
         ],
         [
            0.05681653
         ],
         [
            0.06322669
         ],
         [
            0.05646485
         ],
         [
            0.06174224
         ]
      ]
   },
   "Potass": {
      "weight": [
         -0.005045565,
         -0.07180271,
         0.391809727,
         0.06120008
      ],
      "parent": [
         "BunchN",
         "SPAD06",
         "Anthoc"
      ],
      "sd": [
         0.1454156
      ]
   },
   "Anthoc": {
      "weight": [
         0.00682654,
         -0.13613185,
         -0.33030867,
         -0.45297454
      ],
      "parent": [
         "BunchN",
         "WoodW",
         "NDVI08"
      ],
      "sd": [
         0.3176561
      ]
   },
   "NDVI06": {
      "weight": [
         0.0009060401,
         0.0524537942,
         0.4391847164
      ],
      "parent": [
         "SproutN",
         "SPAD06"
      ],
      "sd": [
         0.09162183
      ]
   },
   "GrapeW": {
      "weight": [
         0.003785239,
         -0.233823179,
         0.779743594,
         0.382943875,
         0.819123847,
         0.278225803,
         -1.099739316,
         -1.424193325,
         -2.816733819,
         -0.138574255
      ],
      "parent": [
         "SproutN",
         "BunchN",
         "WoodW",
         "NDVI06",
         "NDVI08",
         "Acid",
         "Brix",
         "pH",
         "Anthoc"
      ],
      "sd": [
         0.2888755
      ]
   },
   "SproutN": {
      "weight": [
         [
            -0.1454672
         ],
         [
            -0.1337577
         ],
         [
            -0.1475826
         ],
         [
            -0.1325995
         ],
         [
            -0.1246769
         ],
         [
            -0.09755165
         ],
         [
            -0.1135182
         ],
         [
            -0.07279877
         ],
         [
            0.06252452
         ],
         [
            0.1343911
         ],
         [
            0.05579002
         ],
         [
            0.1156715
         ],
         [
            0.1256926
         ],
         [
            0.107686
         ],
         [
            0.1236712
         ],
         [
            0.1476999
         ]
      ],
      "parent": [
         "Treatment"
      ],