{"56": 174.89628493599594, "60": 175.03888478130102, "7": 173.22004907391965, "46": 174.5514140445739, "20": 173.66276800073683, "13": 173.42519962694496, "51": 174.72438977006823, "27": 173.90146843343973, "29": 173.9701053434983, "53": 174.79405474569649, "42": 174.41333715245128, "39": 174.31099456734955, "37": 174.2431975286454, "12": 173.39148715231568, "36": 174.20883827563375, "34": 174.14117883425206, "57": 174.93008570931852, "52": 174.75831023789942, "35": 174.17480191215873, "24": 173.79775939509273, "15": 173.49266447499394, "16": 173.52634175121784, "45": 174.5160516249016, "23": 173.7642870116979, "4": 173.11805747821927, "6": 173.18561832234263, "26": 173.8677326599136, "31": 174.03827306907624, "21": 173.69629198126495, "49": 174.65523937810212, "5": 173.1518548494205, "3": 173.0847345897928, "32": 174.0730203082785, "8": 173.25531559623778, "58": 174.9695776924491, "41": 174.37985436990857, "10": 173.32270874734968, "17": 173.5600480278954, "25": 173.83325470983982, "0": 172.9845052352175, "44": 174.48222245369107, "1": 173.01782842259854, "9": 173.28886777628213, "54": 174.82857879437506, "30": 174.00496528018266, "48": 174.62133780959994, "50": 174.69000201765448, "19": 173.62900592759252, "18": 173.59539044927806, "14": 173.45926598925143, "55": 174.86242926493287, "28": 173.93560579512268, "59": 175.00475231930614, "47": 174.58782322891057, "22": 173.7301611509174, "43": 174.44872407149523, "38": 174.27664761338383, "2": 173.05096281692386, "11": 173.357645181939, "40": 174.34619499277323, "33": 174.10751505754888}