{"17": 179.7703227698803, "14": 179.65630996134132, "38": 180.50106967054307, "52": 180.98185328301042, "60": 181.255493985489, "15": 179.69145239237696, "34": 180.35816462431103, "7": 179.40220911521465, "46": 180.7760789245367, "51": 180.94787601195276, "53": 181.01583465281874, "43": 180.6739823203534, "30": 180.22012931387872, "2": 179.22996744234115, "49": 180.87854121811688, "0": 179.16136822476983, "33": 180.32365687098354, "20": 179.87533607892692, "57": 181.1530314926058, "50": 180.91380784474313, "40": 180.57033096719533, "16": 179.73390198033303, "22": 179.9443324841559, "28": 180.15101681184024, "27": 180.11668745335191, "47": 180.8096542088315, "26": 180.08225719816983, "54": 181.0503972042352, "44": 180.70766289997846, "5": 179.3332027103752, "42": 180.64012004621327, "18": 179.80540420301259, "25": 180.04773884639144, "3": 179.26379651762545, "56": 181.11835294496268, "35": 180.39312996063381, "23": 179.97860674466938, "36": 180.42766651231796, "29": 180.18590045161545, "9": 179.47239758167416, "45": 180.74248824175447, "58": 181.18672977108508, "6": 179.36805945076048, "19": 179.83986755739897, "10": 179.50851257983595, "4": 179.29897804837674, "21": 179.90986093040556, "37": 180.46611393336207, "55": 181.0843222765252, "11": 179.54362701065838, "48": 180.844063565135, "32": 180.28880133014172, "59": 181.2205450469628, "1": 179.1955145886168, "41": 180.6055204970762, "8": 179.4380778223276, "24": 180.0131855951622, "13": 179.62130872625858, "12": 179.58547741826624, "39": 180.53575071599334, "31": 180.25455066841096}