{"20": 171.07342092692852, "44": 171.871363773942, "5": 170.57654575351626, "57": 172.316590459086, "28": 171.3416411029175, "51": 172.11526876036078, "54": 172.2147925477475, "30": 171.40876707062125, "31": 171.44121899083257, "22": 171.1402248032391, "17": 170.9732427597046, "49": 172.04903896339238, "29": 171.3749259961769, "45": 171.905999221839, "59": 172.387352604419, "41": 171.77206367999315, "16": 170.93972867447883, "56": 172.28198411129415, "25": 171.24286028929055, "18": 171.00652395188808, "9": 170.7078286865726, "1": 170.44471323862672, "38": 171.67352926172316, "4": 170.5439846366644, "2": 170.47771854046732, "55": 172.24811393860728, "35": 171.5721376342699, "47": 171.97374716866761, "7": 170.6429107459262, "32": 171.47355131432414, "3": 170.5114839170128, "36": 171.60566461924464, "46": 171.94000329077244, "40": 171.73908377811313, "43": 171.8381467796862, "33": 171.50605433341116, "15": 170.90620158985257, "24": 171.20920900814235, "50": 172.08204486593604, "52": 172.14827916119248, "27": 171.3087444966659, "37": 171.6402252689004, "12": 170.80510485265404, "6": 170.60926466435194, "8": 170.675526461564, "13": 170.83865613676608, "53": 172.1813813596964, "60": 172.42123187612742, "26": 171.27577309403569, "39": 171.70664315856993, "0": 170.41028618440032, "58": 172.35302754677832, "14": 170.87241161428392, "42": 171.8045614976436, "10": 170.7400745153427, "34": 171.53851705323905, "48": 172.01484540104866, "11": 170.77275022864342, "21": 171.10661052260548, "19": 171.03982624411583, "23": 171.17389918211848}