{"52": 170.36018477752805, "40": 169.98388536740094, "1": 168.73776149004698, "5": 168.86656177882105, "33": 169.7663030512631, "22": 169.41253659781069, "43": 170.07682925555855, "56": 170.4954134868458, "20": 169.34890662878752, "2": 168.770217503421, "46": 170.17105859983712, "53": 170.393426572904, "32": 169.73523569107056, "0": 168.70661583263427, "39": 169.95297810155898, "28": 169.60468256287277, "30": 169.67310617212206, "57": 170.52738242503256, "59": 170.5928429523483, "50": 170.29591412097216, "35": 169.828140379861, "55": 170.46046254690737, "58": 170.5596124548465, "29": 169.6419896138832, "49": 170.2642566813156, "10": 169.02929443120956, "17": 169.2504114266485, "48": 170.2332688178867, "12": 169.09154464583844, "38": 169.92146625649184, "44": 170.10817800555378, "51": 170.3279856480658, "18": 169.2839667024091, "23": 169.44439793098718, "7": 168.92989445943385, "11": 169.0602653939277, "16": 169.21872378792614, "27": 169.57305812183768, "47": 170.2021122602746, "4": 168.83450185135007, "6": 168.89894269499928, "14": 169.15364636667073, "24": 169.47600337304175, "41": 170.0148552302271, "60": 170.62603775039315, "19": 169.3164156153798, "13": 169.12245071027428, "26": 169.54045461304486, "42": 170.0458360929042, "21": 169.38077766168863, "54": 170.42722345143557, "36": 169.85909614432603, "34": 169.79720751568675, "9": 168.997987578623, "31": 169.7042436292395, "37": 169.89040679577738, "25": 169.50849878322333, "8": 168.96160769741982, "15": 169.185646395199, "3": 168.80227863043547, "45": 170.13929206412286}